fid,filename
3,1.jpg
4,2.jpg
5,3.jpg
6,3.jpg
7,banner.jpg
8,aerea.jpg
9,22615675064885.pdf
10,22715675064885.pdf
11,22815675064885.pdf
12,22915675064885.pdf
13,23015675064885.pdf
14,23115675064885.pdf
15,23215675064885.pdf
16,23315675064885.pdf
17,23433838180801.pdf
18,23533838180801.pdf
19,23633838180801.pdf
20,23733838180801.pdf
21,23833838180801.pdf
22,23933838180801.pdf
23,24133838180801.pdf
46,Modelo 1 - CAPA_Alta2.jpg
48,Modelo 9 - Versão corrigida_0.jpg
54,Modelo 4 - Ficha Catalográfica.jpg
55,Modelo 4 - Ficha Catalográfica_0.jpg
58,mudança de título.jpg
59,Importante - ver digital.jpg
60,Importante - ver digital2.jpg
72,Modelo 1 - capa cor.jpg
73,Modelo 2 - Lombada.jpg
74,Modelo 3 - Página de rosto - cor.jpg
75,Modelo 4 - Ficha Catalográfica - cor.jpg
77,Modelo 5 - Errata - cor.jpg
78,storefront.responsive.layout.css
79,Modelo 6 - Aprovação - cor.jpg
80,Modelo 7 - Resumo- cor.jpg
81,Modelo 8 - Abstract - cor.jpg
82,Modelo 9 - Versão corrigida - cor.jpg
83,smtpaS5P1h
84,smtpXFj2wq
85,smtpZw3gum
96,Box Apresentação#2.jpg
97,simbol maior.jpg
99,Box apres - corr.jpg
110,Box pre-t.jpg
111,Box pós-t.jpg
113,Box publicação.jpg
114,smtp9tNYPf
115,smtpHI6Uqs
116,smtp9DQpOO
117,smtpBbQ8NE
118,smtpL2Kbwx
119,smtpVeNSv9
120,smtpQjtUvF
121,smtpKkZNUj
122,smtpCaupdf
123,smtpAbG6uA
124,smtpBoCfX3
125,smtpfQvLs8
126,smtpPPf7rt
127,smtpZ5S4i0
128,smtpTS3YsA
129,smtpfpLw4r
130,smtptxy0ma
131,smtp1Jcycj
132,smtpFG5ZiI
133,smtpXCHlvm
134,smtp4aOh1Y
135,smtpEaLWYt
136,smtpf57UlN
137,smtpXLqHh2
138,smtprBDc85
139,smtpp22cSo
140,1.jpg
141,smtpVdiZLg
142,1.jpg
143,2.jpg
144,smtpFENllY
145,smtp8x589s
146,smtpiy77nv
149,box.jpg
154,cx - capa dura.jpg
155,cx - resumo.jpg
157,imgs trabalho academico.jpg
159,Esquema2.jpg
160,Box pre-t2.jpg
161,Box pós-t2.jpg
166,Box - v.corr.jpg
167,ficha_catalog.pptx
168,MODELO_TA_DISSERT.docx
169,MODELO_TA_TESE.docx
170,MODELO_TA_TGI.docx
171,MODELO_TA_LIVRE DOC.docx
180,usp_logo.jpg
181,fflch_logo.jpg
182,fflch_logo.jpg
183,fflch_logo.jpg
184,logo-fflch2.jpg
185,Logo3.jpg
186,usp-logo.jpg
187,usp-logo.jpg
188,logo-usp.jpg
189,logo-usp-col.jpg
190,logo-usp-col.jpg
191,Logo-usp-col.jpg
192,Logo-usp-col2.jpg
193,logo_fflch2.jpg
194,Logo-trab#23.jpg
195,smtpWLTuaX
196,smtpqOSzWl
197,smtpfUpQtR
198,smtpHdY2hJ
199,smtpxNbTiJ
200,smtpHSMLjR
201,smtpJYMOIa
202,smtpN84x27
203,smtpNnNfDQ
204,smtpBCt0ou
205,smtpAmiI1T
206,smtpcDJ01l
207,smtpNZ1kas
208,smtpvhEtvG
209,smtpBZzvu8
210,smtpFUPmOY
211,smtpPQtgLy
212,smtpHUx8ua
213,smtp98yKAU
214,smtpBgqst3
215,smtpJeCeSg
216,smtp2RCfHk
217,smtp307jWI
218,smtp9yI8n9
219,smtpEu0EEh
220,smtprHheE7
221,smtpV7hF70
222,smtpzVwGc1
223,smtpRE5fvf
224,smtpvSJBFv
225,smtpfPnGkR
226,smtplKdqg6
227,smtpRMhaYm
228,smtpxGh7HC
229,smtptyXRL5
230,smtpvgNHVD
231,smtpY3V1MS
232,smtpaQPIsN
233,smtpA5Tk1J
234,Bolsista.jpg
235,bolsista2.jpg
236,smtpWCyhxu
237,smtpt8hR0u
238,smtpFSmkpx
239,smtpXABq9C
240,smtpvLUe9J
241,smtpW3zg2S
242,smtpkHUv2L
243,smtpjv5jFD
244,smtp73NP6w
245,smtpXiIoze
246,smtpLAn2pV
247,smtpSbFEfE
248,smtpanmpiV
249,smtpuMBvre
250,smtpSYitrz
251,smtp8Nbwyp
252,smtpRzUthU
253,smtpRxDBNq
254,smtpvnmbr7
255,smtpNlExKl
256,smtpaEO61B
257,smtpSvoz7J
258,smtpAbU0pA
259,smtpXgQJCs
260,smtpE1Oa0P
261,smtphzooyx
262,smtpG0wYVg
263,smtpvKBJzE
264,smtpjS7yrP
265,smtpKEwWb2
266,Diretrizes para apresentação dedissertações e teses da USP.pdf
267,smtpWHkcSf
268,smtpRgGhGx
269,smtp7CTErR
270,smtpMeBIjI
271,smtp40L0wm
272,smtp3vQ7E2
273,smtpbbfUqk
274,smtpU93AyA
275,smtprvrDCS
276,smtpYbtFxz
277,smtpqU2WVG
278,smtp6nvzcQ
279,smtpkoLyQl
280,smtpA3HCuO
281,smtpMe1aTq
282,smtpKG53L3
283,smtpsiHySf
284,smtpmp2XQB
285,smtpG72DKZ
286,smtpDGvhPt
287,smtp7JhmuE
288,smtpHSrD8Q
289,smtp185RnY
290,smtppOtvZk
291,smtpdjT7uJ
292,smtpk6liJ0
293,smtpeXhsG8
294,smtpySiCxi
295,smtpUcX4vX
296,smtpIw5mqJ
297,smtpWG3Xbx
298,smtpv546sp
299,smtp3Heswm
300,smtpL7Ktil
301,smtpAvpSMo
302,smtpEfS5PL
303,smtp8IcYn8
304,smtpm4spnk
305,smtpgidVdy
306,smtpeswdLZ
307,smtpIRKSMC
308,smtpC5jyKh
309,smtpAkMiGL
310,smtpyhWVkG
311,smtpDD7q7z
312,smtploew8n
313,smtpBPmG4d
314,smtp5G6hS7
315,smtpZMM9Iy
316,smtp37apx1
317,smtpSyXmZ6
318,smtpSyp0gT
319,smtpInQhyH
320,smtpmti6de
321,smtpeD5OHM
322,smtpEddt3m
323,smtpvRKc7R
324,smtpFB3Q6L
325,smtpX2839H
326,smtpI5diQL
327,smtpWaMEPD
328,smtpyG5LYZ
329,smtpN9z6wW
330,smtpPpQr2G
331,smtpfbOg9T
332,smtpm0uJpg
333,smtpgjWAhl
334,smtpW5LqLS
335,smtp8h7RIi
336,smtpIuZ7UQ
337,smtpmiKzxS
338,smtpfbaxk0
339,smtpxk6DNP
340,smtpLJ0128
341,smtp6o2yf2
342,smtpwUdwmm
343,smtpDUVvtX
344,smtpliEPWU
345,smtpNvMlVm
346,smtpSSqXBH
347,smtpat9ESn
348,smtpcmrEkr
349,smtpBbcDKR
350,smtpj0GYnC
351,smtpdOpcKK
352,smtpoEktJJ
353,smtpiHjqD4
354,smtpmLOTvT
355,smtponQ3Ua
356,smtpAEkZyt
357,smtp0zNeXl
358,smtphBDwgL
359,smtpzcG0EL
360,smtpr6n9d5
361,smtpaRgVjK
362,smtpgPM8g5
363,smtpaXZ3lL
364,smtpbdXqWr
365,smtpzdUoi5
366,smtpToiky3
367,smtpf7zV8A
368,smtpLuureN
369,smtphpmBSl
370,smtpSuWknN
371,smtp6c7Ql6
372,smtpiJRA8M
373,smtpZrBEyO
374,smtpJFLcKR
375,smtpTDolSe
376,smtpnyMOd6
377,smtp32y55W
378,smtpPxoAi9
379,smtpdrb0kW
380,smtpvOmw8f
381,smtpVYwRQS
382,smtpPZlFWT
383,smtp3zv5wY
384,smtpv2UBZp
385,smtprjl5My
386,smtpL9D6gi
387,smtpOAKI9D
388,smtpIaqgxi
389,smtpkEmRAh
390,smtp4CPAqi
391,smtpyvwHAJ
392,smtpaJng6y
393,smtpxE3AG7
394,smtp3u7Iwg
395,smtpHiC9EL
396,smtpMNEG7Q
397,smtpKm0WNv
398,smtpokhjGz
399,smtpj7hzap
400,smtpnNpI4E
401,smtpZmTV9h
402,smtp5JCSiU
403,smtpDoFEbF
404,smtpPNTdRM
405,smtp6e0xkt
406,smtpaUnD1b
407,smtpg4IOEh
408,smtpSe7zrL
409,smtpc04SR2
410,smtpIEwykL
411,smtp8hYJfn
412,smtpyoApGd
413,smtpd5tRZb
414,smtpNxHAZO
415,smtpxkGSdN
416,smtp6MyiL7
417,smtpSdkUJl
418,smtpYeEaDX
419,smtpnjozjL
420,smtpBM7AjZ
421,smtpnoqQQH
422,smtpqU1Upk
423,smtpIn4nDb
424,smtpiyc7Rp
425,smtp1qKdRr
426,smtpXeUgSQ
427,smtpZeO8AF
428,smtpLckU2q
429,smtphK8Tun
430,smtp1mdNYH
431,smtpreX7At
432,smtpDEULEv
433,smtpHRDyFQ
434,smtpgrEARo
435,smtpS5QTaJ
436,smtpmtESEo
437,smtpU3q4Kg
438,smtpS01SCN
439,smtp27ym8G
441,Papel reciclado_uso - para mesclagem_trab academico.docx
443,smtpJLNf7E
444,smtpNqZnF3
445,smtp9QiD7P
446,smtpIMsmL7
447,smtpGhbQT6
448,smtpsAy5Hp
449,smtpPBMQnP
450,smtplzH7sh
451,smtphFlgr8
452,smtpj9r7zy
453,smtpVPsrqp
454,smtpBdc3fA
455,smtpDU1eIJ
456,smtpVFkp7a
457,smtpRLTcVO
458,smtpfUSKUi
459,smtpFt2E46
460,Modelo 9 - Versão corrigida.jpg
461,smtpTQ94kq
462,smtp7ff1h0
463,smtppKmqMV
464,smtpBOxZd6
465,smtptuC7Rh
466,smtpJY1o6L
467,dicas2_1.JPG
468,smtpha34a0
469,smtprpWIx4
470,smtpnzWvOt
471,smtp6U7LPP
472,smtp6lF93s
473,smtpenVqWp
474,smtp6MqZ4N
475,smtpexAS14
476,smtp0KiAbJ
477,smtpd3CPF1
478,smtpbOY3Hf
479,smtpv0pIdN
480,smtpwr9snK
481,smtpmKIvv0
482,smtpguYgRz
483,smtpln0eer
484,smtpdyC6T6
485,smtpDzKbG9
486,smtpWlhA4B
487,smtpWwXoch
488,smtp2uUgxi
489,smtp7kD9nr
490,smtprfgxUZ
491,smtpTH7LwR
492,smtprVeuTm
493,smtpTLcaZw
494,smtpZqfGN0
495,smtpq3yyqX
496,smtpYkKnj8
497,smtpuvwHnE
498,smtp0BW5wK
499,smtpi249IL
500,smtp4PXAf7
501,smtpiDRHuV
502,smtpEbbEaG
503,smtp0fjrkN
504,smtpPDz4Wl
505,smtpb74CfP
506,smtpbJmdLE
507,smtpcYRhjW
508,smtpW9kNll
509,smtp6mchq3
510,smtpbZCvnx
511,smtpPeMyQ5
512,smtphzNl60
513,smtpfIbqS0
514,smtpnigISN
515,smtpPam62U
516,smtpj9G384
517,smtpbdzGN6
518,smtpzn89dI
519,smtpVm3Pxl
520,smtppRn3xi
521,smtpJvRIbF
522,smtpXfpKTj
523,smtpL7HOxh
524,smtpzMR359
525,smtp3Gkgy3
526,smtp3XTiOh
527,smtp6baWAg
528,smtpyHdrux
529,smtpabncv7
530,smtpvo4lz5
531,smtpziHsbi
532,smtp1RLLJV
533,smtpNzQZuE
534,smtpdJE7Rv
535,smtpDMYiAF
536,smtp6fbqDm
537,smtpSAzQU3
538,smtpmVfUQ4
539,smtpVGJHj5
540,smtpRMrVDd
541,smtpHgYiNI
542,smtphWKB40
543,smtp3VlW14
544,smtpVH978r
545,smtp6j1Tu3
546,smtp0sd82b
547,smtpu8UYjE
548,smtp3hyWGU
549,smtp7lF0uD
550,smtpLdWJE0
551,smtpNkpFtx
552,smtp5iPVJu
553,smtp24pbV5
554,smtpmfhgVE
555,smtpAzxZZx
556,smtpdzFfZQ
557,smtpDAOecW
558,smtpZPtAel
559,smtpS0ZOwn
560,smtpUO02ni
561,smtpgVnTFx
562,smtpZzAFNb
563,smtpLvOXGl
564,smtpJVu4oQ
565,smtpxvs5MA
566,smtpNowipf
567,smtp5AMxLf
568,smtp2ag0kj
569,smtpsrGFpV
570,smtpmLAMdS
571,smtpE08WCO
572,smtpgi3Q60
573,smtpuN3IZy
574,smtpn3gnXi
575,smtpDgJpZs
576,smtpuP0R9F
577,smtpy4Tg4t
578,smtpGt3IqC
579,smtp2f6cYh
580,smtpsDsZPh
581,smtpArJT4z
582,smtpIOPIor
583,smtpcvCUXK
584,smtpC5YdWn
585,smtpgWVt8C
586,smtpYraZmj
587,smtpEi6OTi
588,smtpdJYOMf
589,smtpnwr7Lb
590,smtpv8W0Tq
591,smtpN3E4hS
592,smtpNKnkY8
593,smtp1r5kMJ
594,smtpe2UvDe
595,smtpmEcy1P
596,smtpugsT5M
597,smtpMfOnvr
598,smtpoH4M7q
599,smtpQwZl0J
600,smtpVHoZf5
601,smtpfmaPkM
602,smtpzexujM
603,smtpHHn4I8
604,smtpVi7qwT
605,smtpNKWp9W
606,smtpkbmiqw
607,smtpoDRtyG
608,smtpCsXLme
609,smtpxaAqoA
610,smtpvU7ZY4
611,smtpFer1pT
612,smtpCxPGRI
613,smtp2LETH4
614,smtps7QqiK
615,smtpPMEbLe
616,smtpbFXU35
617,smtp3KdNNg
618,smtppJHyp8
619,smtptfIVct
620,smtptgetM7
621,smtpWCx6dK
622,smtpKz5ivV
623,smtp0Q4tCq
624,smtpuhOUXd
625,smtp83jusP
626,smtpi1tPqK
627,smtpQgnl7U
628,smtp22kQyU
629,smtpktfd2c
630,smtpbbGsR4
631,smtpbieXwU
632,smtpTgPkI9
633,smtpozQl2V
634,smtpmbi1QW
635,smtpwD45rj
636,smtp2R1VpJ
637,smtpGbtI1L
638,smtpq5TrC8
639,smtpt13Q6p
640,smtplmfYFk
641,smtp5zPwJB
642,smtprVQrnv
643,smtplziwFE
644,smtpZjU8lc
645,smtpo3nd0M
646,smtpmGQ7f7
647,smtpqwHH2L
648,smtpXUeFmS
649,smtpbL8Rox
650,smtpx98rzA
651,smtpuKQUrO
652,smtpGAEdWg
653,smtpK3lHUa
654,smtpyTk64F
655,smtpYdPAN7
656,smtpe9iu5Q
657,smtpd3HLvP
658,smtpns278E
659,smtphh09qS
660,smtpPupJow
661,smtppTM3qp
662,smtpcuAsbU
663,smtps20xC6
664,smtp2hyqpA
665,smtpBAcobF
666,smtpncgKhv
667,smtpDj6BaC
668,smtpo9tsB9
669,smtpuCHJoD
670,smtpq7HCFq
671,smtpFEChXa
672,smtplbQml4
673,smtpHzIn7g
674,smtpKsql7F
675,smtpu9RJ3o
676,smtpU0nWlN
677,smtpAJrSvN
678,smtp0ylCjU
679,smtpqum16D
680,smtpKQMM7M
681,smtpWP0v6j
682,smtpwDWH1K
683,smtps7g62v
684,smtp2VrQzJ
685,smtpecxzUS
686,smtp2Rdoam
687,smtpU1TKja
688,smtpm2voWZ
689,smtpStO058
690,smtpisEiOH
691,smtpw6BW8c
692,smtpaM51y2
693,smtpYXhnhz
694,smtpGuY21O
695,smtp8D2a7n
696,smtpMKlhrn
697,smtpm5yZI7
698,smtpq491Kf
699,smtpNKQ0NU
700,smtpvPKc9x
701,smtpL8KEhv
702,smtpnuPN3Y
703,smtpPCOpH8
704,smtpr8VVNB
705,smtpLS9abP
706,smtptEZvCs
707,smtpZm1fdw
708,smtpG33nmA
709,smtp6czYzv
710,smtpcqYWqL
711,smtpY0tfy2
712,smtpSsWyHG
713,smtpmSjHhH
714,smtpqn72TM
715,smtpSozjTv
716,smtp2Li6dz
717,smtpQ4WySL
718,smtpy8dNsf
719,smtpkfqir6
720,smtpmAapd3
721,smtpyquZyd
722,smtpiM3PmH
723,smtp6x5R7x
724,smtpCk0Qbh
725,smtpsz5bqm
726,smtpBdZZ1m
727,smtp5hmfpn
728,smtpn6QAWK
729,smtpUT1cAK
730,smtpILoZgr
731,smtpmoUdur
732,smtpQ2U1mx
733,smtp8tUUH6
734,smtpsg9zvZ
735,smtp2Hlejh
736,smtpGaurLz
737,smtpQ8co9Z
738,smtpSLfJfk
739,smtpu4jhIK
740,smtpwrK0i3
741,smtpqbnpQw
742,smtp0mi3xC
743,smtp4c1CCs
744,smtpoFjROs
745,smtpYLyhHj
746,smtpoOtAsT
747,smtpeUizlD
748,smtpCz8wQB
749,smtpOCJLUC
750,smtpwjmyVN
751,smtpkt4TyK
752,smtpsGTbRG
753,smtpqOfB2N
754,smtpqnNCi8
755,smtpSEWZ8l
756,smtp8h26pK
757,smtpgoqcpr
758,smtp8xNxr6
759,smtpD0Nb5L
760,smtpJsuT5h
761,smtpqYxHPE
762,smtp8j8NLT
763,smtpd756Q0
764,smtpZqitHv
765,smtpAYQRWb
766,smtpUi9imd
767,smtpzCz8nX
768,smtpDyIHsc
769,smtpspVNHR
770,smtpWocK38
771,smtp4SNPU8
772,smtpaslxE2
773,smtpyAO4fo
774,smtpYvWKfB
775,smtprWhD5L
776,smtp9Wmphg
777,smtpnntDFn
778,smtpBZKHfI
779,smtp4qiTNf
780,smtpCPMnUg
781,smtpEy7pJ0
782,smtpM4F6RG
783,smtpgaezXJ
784,smtp4wl25t
785,smtpejYJBA
786,smtpwDaVRs
787,smtp04G6L0
788,smtpY5KVTR
789,smtpatkKH4
790,smtpAOX59d
791,smtpqWABU0
792,smtpYqNOTM
793,smtpFE6YSQ
794,smtp15d4Ev
795,smtpwgPLrR
796,smtpYqEhCZ
797,smtpN0Gj0y
798,smtp5xxZ8S
799,smtpR2Kawn
800,smtpC5r7gS
801,smtp4p6kGn
802,smtpKw0fkZ
803,smtp4tigJ8
804,smtpuYnTfs
805,smtpc1BRiC
806,smtpmdiH2Y
807,smtpv026aM
808,smtpJFUhDy
809,smtpeKtNUW
810,smtpuhtTpu
811,smtpK5T6LG
812,smtpoOKciB
813,smtpwZQx7d
814,smtpGWCh7S
815,smtp3OXRUx
816,smtpXEuMJX
817,smtplG6Zvk
818,smtpptnJ1j
819,smtpdQzerG
820,smtp1uzaZS
821,smtpofGfZx
822,smtpMNvgmW
823,smtpW3pd0y
824,smtpKMgsPW
825,smtpesMSqd
826,smtpYmuhVb
827,smtp05vlXk
828,smtp460tTG
829,smtpQwfEpH
830,smtpWJwOFS
831,smtpSkgrfw
832,smtpqoaQAu
833,smtpedXpJD
834,smtpWSk8bi
835,smtpcpqo7G
836,smtpabUAlS
837,smtpea9jZU
838,smtpMaQHw7
839,smtppzRFy3
840,smtpXDYAmw
841,smtpyfiZVA
842,smtpS2aMlp
843,smtpok5CLo
844,smtpsBrTTt
845,smtpEDRXiC
846,smtpENDRgP
847,smtpcaa3qp
848,smtpoYcBWY
849,smtpgLAxfR
850,smtpCTxB9C
851,smtp2qkIvi
852,smtp49HVoy
853,smtpQ5nd6A
854,smtpw7tOmQ
855,smtpgnhvh8
856,smtpc4Yzro
857,smtpOIHgIO
858,smtp2lulc9
859,smtp8oLVBx
860,smtpgWdtTi
861,smtpl8fUbp
862,smtp5HqoPj
863,smtpF0kN4z
864,smtpMfhNnZ
865,smtpS15mQ1
866,smtp2aq5r8
867,smtpolIVtx
868,smtp2RYLhk
869,smtp0Xrr6z
870,smtpgJyZ0k
871,smtpOotsMd
872,smtp2irhwL
873,smtporkDmD
874,smtplmhGUO
875,smtpjFFhuS
876,smtpJH5gwg
877,smtpualcG5
878,smtp2ULnUC
879,smtpscZrZz
880,smtpGuJ73R
881,smtpm6orgF
882,smtpS6oDfw
883,smtp0U4LFN
884,smtp8EtnQn
885,smtpAhCAS4
886,smtps5udPz
887,smtpQsiNi1
888,smtpyypqHz
889,smtpgGNopW
890,smtpyBhInH
891,smtpm6Jm5R
892,smtprIdyKu
893,smtp7ukBop
894,smtp9jHnjF
895,smtpweN0vX
896,smtpOlgS3Q
897,smtp2KOIu5
898,smtpgtZYE9
899,smtpomojlH
900,smtpAudSOE
901,smtpKRk0M1
902,smtp6AEjNA
903,smtp8DUo6f
904,smtpOFiYV7
905,smtpY7LKou
906,smtpYiblya
907,smtpiVIf3p
908,smtpg2M3S2
909,smtpwi9D66
910,smtpSSwlPf
911,smtpU9A2nc
912,smtpunBTrm
913,smtpa6N4YX
914,smtpepxT6v
915,smtpENZCJX
916,smtpGnCBuU
917,smtpwehS2e
918,smtpui3rus
919,smtpWU6rPE
920,smtp4I9fnb
921,smtp28LafF
922,smtpg4dKsE
923,smtp603YD1
924,smtp492ZOQ
925,smtpoJndQ7
926,smtpUe39rJ
927,smtpOpyt12
928,smtpugJOaG
929,smtpAQFOTx
930,smtpWVXmZH
931,smtpOJYkHc
932,smtp8B4Yst
933,smtpaSqQ9a
934,smtp0Z9ZXd
935,smtpwYa84Y
936,smtpeqJqVY
937,smtpshxhfu
938,smtpWtNxS4
939,smtpEP9e03
940,smtpAazAAe
941,smtpeSxp6o
942,smtpSE2iOX
943,smtpagiueo
944,smtpiTWbLQ
945,smtpo0jqjD
946,smtpdP5SyC
947,smtpf2umXI
948,smtp9uJVaa
949,smtpiTBKLd
950,smtp0pc811
951,smtp4EANsa
952,smtpV18cnG
953,smtpNS3Y7W
954,smtpZbQh1C
955,smtpOamenl
956,smtpUSeLHm
957,smtpywK6bJ
958,smtpyoXYPJ
959,smtp2m29qo
960,smtp9Par4K
961,smtpBg3rdv
962,smtpXmy7jE
963,smtpPEZh4Z
964,smtp7qt2Ik
965,smtppWExr0
966,smtpx9lQGC
967,smtpzaXM7e
968,smtpFUTDVa
969,smtpabair1
970,smtpcAagXV
971,smtpaMhM88
972,smtpC0NFzc
973,smtpaVaCP3
974,smtpOgc0ae
975,smtpaLYHUC
976,smtpaveeZ6
977,smtpMAlxfL
978,smtpa6bd4G
979,smtpW1nTJW
980,smtp3sGRhk
981,smtptL1CsO
982,smtpRerwTL
983,smtpzclgFO
984,smtpXXgSKa
985,smtp2Thg85
986,smtpkVU4DD
987,smtpGbhGov
988,smtptvpAir
989,smtpNBBQmq
990,smtp1v6Ry9
991,smtpJ749lf
992,smtptAumXK
993,smtpm8Dzbv
994,smtpkoNnjX
995,smtpkF9x8P
996,smtpdkzlf1
997,smtpz7Gb6Q
998,smtpv6tMX1
999,smtpbEZCMT
1000,smtpBQTh4t
1001,smtp72ni9n
1002,smtpxi3y0e
1003,smtpHijdlj
1004,smtpdyWVIP
1005,smtpph6ow5
1006,smtprrB2fI
1007,smtpCNpQdV
1008,smtpKgWhpZ
1009,smtp4pyfFp
1010,smtp9rWDiP
1011,smtpdHJA5m
1012,smtpZ7Ikzp
1013,smtpDBAY2e
1014,smtpVFsZM9
1015,smtphop08t
1016,smtpowDVcy
1017,smtpuD1FBu
1018,smtp8WC1KM
1019,smtpfQHEY7
1020,smtpFahAob
1021,smtpTqroMy
1022,smtpYXArqn
1023,smtpuBqtLe
1024,smtpBSXclK
1025,smtppXzPHe
1026,smtp597Osw
1027,smtpDBQLgW
1028,smtpnhO7nN
1029,smtp5iMVmW
1030,smtptOLDKy
1031,smtpXA2yI9
1032,smtpbDpsI4
1033,smtpM8YAEM
1034,smtpAas7LB
1035,smtpmBfliN
1036,smtp4OEIYu
1037,smtpqMM6e4
1038,smtp0HDGwX
1039,smtp0A6ynt
1040,smtpWr3HBj
1041,smtpw3dbAu
1042,smtpoxXzX0
1043,smtpECHnzx
1044,smtpoxlCqp
1045,smtp4nmWZv
1046,smtpK64cui
1047,smtpALx4Dp
1048,smtpmUDcgm
1049,smtpISWr02
1050,smtpo8FYj8
1051,smtpk2SDFf
1052,smtp4fUGUG
1053,smtpalhEIr
1054,smtpWODc05
1055,smtpaqgVdX
1056,smtp0nft08
1057,smtpfEzYrt
1058,smtpJkCT0D
1059,smtp9Xe8g9
1060,smtp2Xq7US
1061,smtpyVVaB8
1062,smtpOWbKRK
1063,smtptZyUyf
1064,smtp1RpgFn
1065,smtpPy5mVS
1066,smtpS1h0KF
1067,smtp2s0KUr
1068,smtpUNq4OB
1069,smtprBHTU8
1070,smtp7KvJyn
1071,smtpJZuxY0
1072,smtpXWg8zm
1073,smtpZdm8co
1074,smtpbpn2oJ
1075,smtpraLnIe
1076,smtpNc5q1H
1077,smtpldnTvu
1078,smtpbmTSG9
1079,smtpPoPvuO
1080,smtptbyWcU
1081,smtpwwJrEF
1082,smtpS1X4Xq
1083,smtpyI0wFw
1084,smtpPbDxxp
1085,smtp771F1w
1086,smtpBcgqHZ
1087,smtpZNcV5g
1088,smtpRSbtrh
1089,smtpd6JPxC
1090,smtp5ZVZdV
1091,smtp12tcdJ
1092,smtpHDNBKZ
1093,smtpRDcXbD
1094,smtpRJbAOH
1095,smtplG7pfj
1096,smtpvDCbWi
1097,smtpVxrnqC
1098,smtpJ5VDfo
1099,smtpP9iYk2
1100,smtpUma1By
1101,smtpeS3mYS
1102,smtpKYjVky
1103,smtpBbEStP
1104,smtp3gGv3A
1105,smtpzzvjXF
1106,smtpzmYhim
1107,smtpZoh5Xr
1108,smtpHehx8R
1109,smtpQUPTb1
1110,smtp8sFxt4
1111,smtpoJJ7Wx
1112,smtp8Sb21Q
1113,smtp2QL5Ur
1114,smtp8tneOr
1115,smtpVtCH5M
1116,smtpx0uDZj
1117,smtpZBNvGa
1118,smtpg3YSlj
1119,smtpICCg3B
1120,smtpyhVAcR
1121,smtpE6ubg7
1122,smtpw3FOiI
1123,smtpD6riSm
1124,smtp11E4SP
1125,smtpdxZlyD
1126,smtpDIsErM
1127,smtpfAQShk
1128,smtpzAdEMc
1129,smtpWMFYOj
1130,smtpUtKzWF
1131,smtpkKxAdm
1132,smtpQRLWzK
1133,smtpozXDih
1134,smtp2c4Zi8
1135,smtpGxjAp7
1136,smtpej17VQ
1137,smtpIVGh0m
1138,smtpisz6vb
1139,smtpCfGIkj
1140,smtpCGsJBB
1141,smtp0C9xQN
1142,smtpsrBDXl
1143,smtpU4OBjK
1144,smtpsHHE6H
1145,smtpW5EE61
1146,smtp0iUWRd
1147,smtpY3biZJ
1148,smtp2EiRuA
1151,smtpSzbLmi
1152,smtpi2mGrp
1153,smtpAaKWbR
1155,smtpynhxJE
1156,smtp6Vfhiz
1157,smtpmIrvAP
1159,smtpMEH8CX
1160,smtpyLVvn8
1161,smtpgHfplE
1163,smtpcDgLPS
1164,smtpKqRTlk
1165,smtpG43KEd
1166,smtpQH42pl
1168,smtpqwbsWE
1169,smtpApbf4E
1170,smtp4cDt2o
1171,smtpK3piCV
1172,smtpgWjTAK
1173,smtpw7ajG0
1174,smtpMkxEYs
1175,smtpSrTHNK
1176,smtpSnsccE
1177,smtpSIRP6Q
1178,smtpCgom45
1179,smtpE1C6jc
1180,smtpUx0RMC
1181,smtpbvP6io
1182,smtpbWB57Z
1183,smtpTrxZ2W
1184,smtpimfymE
1185,smtpYThcmo
1186,smtpEfTvNs
1187,smtpV5fJzT
1188,smtpR45IXO
1189,smtpvo7YE4
1190,smtpYpvZCo
1191,smtpCKVOPt
1192,smtpLl7MEe
1193,smtpZQhfY5
1194,smtpc61Gjx
1195,smtp61dag6
1196,smtpkhgEZN
1197,smtp2tWE53
1198,smtpcNlThF
1199,smtpd1SaZw
1200,smtphC4OOz
1201,smtphDdSRl
1202,smtptC5507
1203,smtp3vCgsf
1204,smtpNQZLlJ
1205,smtpNLZAm4
1206,smtpLVFCQJ
1207,smtpPRtFOd
1208,smtpjlfFTv
1209,smtpFDWi38
1210,smtpwU3IEe
1211,smtpeVGMH5
1212,smtpScsW5n
1213,smtpkQbo2v
1214,smtpC6cU15
1215,smtp4FYfF0
1216,alerts_letras.pdf
1217,smtpCoCKt2
1218,smtp0QpIDC
1219,TGI_Marcela_Ferreira_Sousa.pdf
1220,smtpOqZN8S
1221,smtpihO25o
1222,smtpMovFfh
1224,2018_WaldirWagnerCamposDeSouza_VOrig.pdf
1225,smtpaY3X9U
1226,smtpg5tJ75
1227,Análise da temperatura máxima do ar no perfil topoclimático do Parque Estadual da Serra do Mar entre as cotas de 745m a 40m.pdf
1228,smtp0TnccA
1229,smtpOvpdeq
1230,smtpqTlEuC
1231,TGI Fernanda Soucek.pdf
1232,smtphf4uAX
1233,smtpHWogC1
1234,smtpr4uZ9r
1237,tgi matheus henrique furtado final.pdf
1238,smtpuI1eRu
1239,smtpCqqhT4
1240,smtpmiqam0
1241,TGI II_final(2).pdf
1242,smtp9AXnBv
1243,smtpLGEuHV
1244,smtpRsgQfG
1247,TGI_AnaMorbach_FINAL (1).pdf
1248,smtp25SmPH
1249,smtpqt9LXx
1250,smtpkQ4LvK
1252,TGI II original.pdf
1253,smtpr6dqmD
1254,smtpBudDdF
1256,TGI Queren_versão biblioteca.pdf
1257,smtp4vw2Ye
1258,smtpaTvcb6
1259,smtpq9lPKi
1261,TGI_Thiago_Completo.pdf
1262,smtpMXwYEG
1263,smtp0rPavj
1264,smtp03TMMg
1265,TGI PedroAFAlcino versao final.pdf
1266,smtpr9N9xw
1267,smtpJYW7H4
1268,smtpHP1c03
1269,Hernani_Espindola_TGI_BFF1v.pdf
1270,smtpweFXZm
1271,smtpeFuRw0
1272,smtp0hEPwY
1273,TGI_Julio Fonseca.pdf
1274,smtpNQNFmn
1275,smtp10xeHw
1276,smtpls3bx1
1277,Trabalho_Conclusão_de_Curso_Tarcizio_FINAL.pdf
1278,smtpofoM5w
1279,smtpKBEsff
1280,smtp0bpcPi
1281,Trabalho_Conclusão_de_Curso_Tarcizio_FINAL.pdf
1282,smtpJ1L0A3
1283,smtpXxvV6E
1284,2019_MariaJucielmadeLima.pdf.pdf
1285,smtpAzFExy
1286,smtpkd4Lrr
1287,smtp6g9ZdQ
1288,2019_MariaJucielmadeLima.pdf
1289,smtpmI0ucN
1290,smtpITxYFS
1291,TGI - Fotografia de paisagem e novas paisagens fotográficas.pdf
1292,smtpwKjE2K
1293,smtpw6IDHR
1294,smtpmT8Yhu
1295,TGI_FERNANDA_ALMEIDA_2019.pdf
1296,smtpmu0drx
1297,smtp6hvBbc
1298,smtpaok8Vi
1299,TGI Davi Bote - Final 02 06 19 (1).pdf
1300,smtpaNYuFU
1301,smtpUifccX
1302,smtpyNLdhs
1303,TGI-II MFCR2019.pdf
1304,smtpmwzhkY
1305,smtp2GZ4GU
1306,TGI II Thiago rev. 12 - final.pdf
1307,smtpsYPN1f
1308,smtpQNCko1
1309,smtpaQzMU5
1311,TGI II Thiago rev. 12 - final.pdf
1312,smtpchuvNP
1313,smtpsaoHNx
1314,Análise da Fragilidade Ambiental da Região Centro-Norte do Município de Jandira – SP.pdf
1315,smtpOZoVkx
1316,smtpCoRkif
1317,smtpkBnjuj
1318,TGI_Gabriela Talpo de Camargo.pdf
1319,smtpcdrVQV
1320,smtp0UDYrf
1321,smtpkEolO1
1322,TGI_Gabriela Talpo de Camargo.pdf
1323,smtpOjPmfd
1324,smtpQygMSa
1325,smtpgDzflt
1326,TGI-AmandaCBenedetti.pdf
1327,smtpVmTfHl
1328,smtp7CYfkz
1330,A divisão territorial do trabalho das empresas de Seguros no Brasil e sua concentração no estado de São Paulo.pdf
1331,smtpsC94sq
1332,smtpMbA5pb
1333,smtpsPpd36
1334,TGI_Vinicius Avanci.pdf
1335,smtpYR6XIo
1336,smtpOJvrsH
1337,smtpUlfWEa
1338,smtpmOhg44
1339,smtpGr00Iw
1340,TGI _ SANTOS. Maike A. dos.pdf
1341,smtp69UcAP
1342,smtpOpYG9u
1343,smtpaoZc3k
1344,TGI _ SANTOS. Maike A. dos.pdf
1345,smtppyigxq
1346,smtp1VD9xI
1347,smtp3SFYAa
1348,TGI _ SANTOS. Maike A. dos.pdf
1349,smtpuPx5sX
1350,smtp8DVdOz
1351,FLG0499_Monografia_V03.pdf
1352,smtpHnQ1iu
1353,smtpVOEefa
1354,smtpb078B0
1355,FLG0499_Monografia_V03.pdf
1356,smtpzsxgq3
1357,smtproXCiV
1358,smtpJ7JZeX
1359,smtpzbePKb
1360,smtpBdJgYg
1362,TGI _ SANTOS. Maike A. dos.pdf
1363,smtpIBaosm
1364,smtpo6sCFP
1366,TGI _ SANTOS. Maike A. dos.pdf
1367,smtpvA0pYZ
1368,smtpbsJkTW
1369,2017_AdrianaCarvalhoNovaes_VOrig.pdf
1370,smtp5Hhdzm
1371,smtpfN0K41
1373,Marina de Souza Faria (Trabalho de Graduação Individual).pdf
1374,smtp1W2P4b
1375,smtpPagapT
1376,smtpRNJZo1
1378,TGI Cristiane Rahal versão final.pdf
1379,smtpx000JK
1380,smtpZ08D1M
1381,smtpfMmaO9
1382,TGI_imprimir.pdf
1383,smtpZLi26C
1384,smtpH1tDVY
1385,smtp5gnLnN
1387,Sem título 1.pdf
1388,smtpON1PsE
1389,smtpGPPNuR
1390,TGI_imprimir.pdf
1391,smtpzzDzor
1392,smtpj9axLs
1393,smtp5bMLIV
1394,MONOGRAFIA PDF.pdf
1395,smtpGQc8bc
1396,smtput0t36
1397,smtp2L7evl
1398,trabalho completo_versão corrigida.pdf
1399,smtpxsqp35
1400,smtpPDrMep
1401,smtpBTYLF8
1402,TGI_AndreaBarreto-2018.pdf
1403,smtp3kJapq
1404,smtpFGIWEg
1405,smtpLaobgq
1406,MariliaCavallarieAranha_TGI.pdf
1407,smtpxsPkuU
1408,smtpLo5PHC
1409,TGI2NATHALIAVIERA.pdf
1410,smtpRtXh9n
1411,smtp1nNoPF
1412,2019_FernandaFarão_TGI_Heliopolis _ versao para CD.pdf
1413,smtp0j1DVN
1414,smtpQvvV0w
1415,TGI_GabriellaDB.pdf
1416,smtpfiKZe5
1417,smtp11GBWn
1418,smtpLnqZwZ
1419,TGI_MPS.pdf
1420,smtptsI3ls
1421,smtpVTlUk3
1422,2019_FabiolaDuraes.pdf
1423,TGI Rogério Mambro Final.pdf
1424,smtpTyM5rh
1425,smtpB8VpTr
1426,smtpTb6xf9
1427,smtpzeriZo
1428,smtprwwBMW
1429,ToledoAdriana_A fortuna do invisível.pdf
1430,smtpbuWzO9
1431,smtpV31iBS
1432,ToledoAdriana_A fortuna do invisível.pdf
1433,smtps9R3bl
1434,smtpAxYaQo
1435,TGI_Victoria Vianna.pdf
1436,smtpARFFjy
1437,smtpMWoyWt
1438,smtpMQBkJQ
1439,TGI ALEXANDRE SILVA VERSÃO REVISADA PDF.pdf
1440,smtpKeVsrr
1441,smtpASBd1f
1442,smtpGAZyVo
1443,Trabalho de Graduação Individual V8_FINAL_CORRIGIDO.pdf
1444,smtpdvweIR
1445,smtp1VAqEV
1446,smtptfqYRj
1447,Trabalho de Graduação Individual V8_FINAL_CORRIGIDO.pdf
1448,smtpiuujvO
1449,smtpE0sD6K
1450,TGI_final.pdf
1451,smtpJL2fmt
1452,smtpT2Do5g
1453,smtphHuzvw
1454,TGI Final Revisado - Miguel Kehl.pdf
1455,smtpcSHuIJ
1456,smtpIaGkNW
1457,smtpkDKrEt
1460,TGI - A Geopolítica do Nióbio.pdf
1461,smtpl7oCgm
1462,smtpfueE1x
1463,smtp1NukP3
1464,TGI - A Geopolítica do Nióbio.pdf
1465,smtpRcXzZY
1466,smtpZyfWnF
1467,smtpfkpeCH
1468,2019_MatiasBarbosadeAndradeLimaLisboa.pdf
1469,smtphk11hC
1470,smtpHIm9Go
1471,smtpJIwHyu
1472,2019_MatiasBarbosadeAndradeLimaLisboa.pdf
1473,smtpCcNzR1
1474,smtpm2bxyG
1475,smtp4W01JE
1476,TGI_Victor Santos_b.pdf
1477,smtpDI4ClS
1478,smtpJ6Tu08
1479,smtprBaTVT
1480,TGI II PARA DEFESA.pdf
1481,smtpfQow2F
1482,smtpDBuMkI
1483,smtpdpIO44
1484,TGI Gustavo Gomes Pagador.pdf
1485,smtpt2HSTT
1486,smtptxXSmE
1487,smtp3uCLOI
1488,tese.pdf
1489,smtpT8Qfq5
1490,smtp1aTJG9
1491,TGI Final 2019.pdf
1492,smtp7iYrkn
1493,smtpt2Ir4o
1494,smtppypFiW
1498,TGI_final.pdf
1499,smtpPzrXRx
1500,smtpzTOXru
1501,smtpnVUBbV
1502,TGI - Fronteira Brasil Bolivia _ Final_ Silmara Cosme Cravo.pdf
1503,smtpNYZipq
1504,smtpjhzUb4
1505,smtpX4vkGb
1506,FINAL_TGI_II (1).pdf
1507,smtpTGy4Ku
1508,smtp5Ww7pZ
1509,smtp39x79N
1512,TGI 2 - Trabalho final.pdf
1513,smtpLtJIMK
1514,smtpJVY110
1515,final..pdf
1516,smtppw9GrK
1517,smtpL8HbGg
1518,smtpR4aLK6
1519,Monografia TGI Geografia Fabio Bona Matos - revisada.pdf
1520,smtp04E5SK
1521,smtpWite5C
1522,smtpMbbisr
1523,smtpEVgBxH
1524,TGI - Paolo Edoardo Piantino.pdf
1525,smtpJtQTFa
1526,smtpLO5voq
1527,smtpV603i1
1528,TGI - Paolo Edoardo Piantino.pdf
1529,smtpta2tii
1530,smtpBV2KyM
1531,smtprSmmKA
1532,TGI - Victor Semaan.pdf
1533,smtpjpb0ss
1534,smtp7Bwl10
1535,smtp3scn7T
1537,Trabalho de conclusão TGI II-convertido.pdf
1538,smtpLNiEik
1539,smtpFPzCYb
1540,smtpxmMVou
1541,TGI_LAIS_PLAZE.pdf
1542,smtppjLLhv
1543,smtpT0Oif4
1544,smtpf1KkCX
1545,teste.pdf
1546,smtpGJ0gZe
1547,smtpM42NwC
1548,teste.pdf
1549,smtpWrUSpO
1550,smtpqVgTV0
1551,smtpcbv6hy
1552,teste.pdf
1553,smtpP9dfL9
1554,smtpbOwcRR
1555,smtpT6j1KU
1556,teste.pdf
1557,smtpPsrAew
1558,smtpPObyzF
1559,smtpLKVeu8
1560,"FIALHO, Gustavo Lemos e. Cooperativas de crédito_ distribuição e funcionamento (2002 a 2017). Trabalho de Graduação Individual, DG-FFLCH-USP, 2019.pdf"
1561,smtp54IAM9
1562,smtpPfPtjo
1563,smtphnskLX
1564,smtpHp7HjQ
1565,smtpiwvKTZ
1566,smtpeA3wnU
1567,smtpUKyrb9
1568,TGI completo v2 (2).pdf
1569,smtpTJsIqj
1570,smtpH9IESd
1571,smtpZdhZlr
1572,smtpj0JTmX
1573,TGI LUMA RODRIGUES ARAUJO N USP 7700316 - PDF.pdf
1574,smtp0Mt71k
1575,smtpQUpVjW
1576,smtpUu1WcW
1577,smtpMy9tGj
1580,pedro_janzantti_entregafflch.pdf
1581,smtpoIhALi
1582,smtpKYrIUb
1583,smtpmWUqPt
1584,smtpsm4OD7
1585,TGI_Eric_Filipe.pdf
1586,smtp5slrKu
1587,smtpbBqfHd
1588,smtpdyIEhl
1589,smtprmQCwR
1591,"CAMPOS_ Carolina. Alive high_ reflections on teaching English in Brazil, culture, multiliteracies and citizenship.pdf"
1592,smtp44Q2dI
1593,smtpAFYwmr
1594,smtpg1Gzcz
1595,GABRIELLE_TGI_Retomada de Imóveis CEF.pdf
1596,smtpF8Ezn5
1597,smtpps171b
1598,smtplxkFrE
1600,TGI Camila Baldoni - Versão Final.pdf
1601,smtpFkCu9y
1602,smtp9GZtVw
1603,smtplAxAWW
1604,tgi_gabriellams.pdf
1605,smtpP6nPGi
1606,smtpPCuIPZ
1607,smtp5xSEo3
1610,TGI2_Marcos_Paulo_Fernandes_versão_final_envio.pdf
1611,smtpvQpokU
1612,smtpnzNFHi
1613,smtpDFLtT3
1614,TGI2_Marcos_Paulo_Fernandes_versão_final_envio.pdf
1615,smtpTZo7ZB
1616,smtpF4Jvmr
1617,smtpZUphuF
1618,TGI - João Vergueiro Paciello.pdf
1619,smtp5Jy0PF
1620,smtpjZNMbr
1621,smtpdtV8WC
1622,Giovanne_TGI.pdf
1623,smtphxGARL
1624,smtpJJNHVc
1625,smtptZ7xy1
1626,Giovanne_TGI.pdf
1627,smtpf3KMhJ
1628,smtpzM9sI8
1629,RubiaPolido_TGI_NordestinosBexiga.pdf
1630,smtpC3y8Qi
1631,smtpGUDhRk
1632,smtpaqsTRH
1634,TGI MAYARA .pdf
1635,smtpmo9s8b
1636,smtpuZnz6o
1637,smtpGXG812
1638,doc_914480_13-12-2019_17h02.pdf
1639,smtp4136r3
1640,smtp4rTLfB
1641,smtp4MhQtz
1642,Dario - TGI - versão final.pdf
1643,smtpauUNuS
1644,smtpaTh2FO
1645,smtpAtMms8
1647,TGI FINAL VERSÃO ORIGINAL.pdf
1648,smtppMi6hT
1649,smtpPtbjCH
1650,smtpN9oq7W
1652,Agricultura Urbana e Serviços Ecossistêmicos- estudo de dois espaços de cultivo no distrito de São Mateus.pdf
1653,smtpbqdS8Q
1654,smtpFFvhGt
1655,smtpprhYTr
1658,TGI-amanda.lejanoski-19.2 (1).pdf
1659,smtpXhfAwH
1660,smtpN4U0Io
1661,smtpz6W9yr
1662,TGI_VivianeThaisadeJesusSousa_2.pdf
1663,smtprJRiEM
1664,smtp5KIMNH
1665,smtpjPaslY
1666,TGI CONCLUÍDO  .pdf
1667,smtp3BoTlb
1668,smtp95jO8H
1669,smtpT7YfxB
1670,TGI-amanda.lejanoski-19.2 (1).pdf
1671,smtpVesR6l
1672,smtp3yOdXc
1673,smtpFiaxEr
1676,TGI_Jorge_Iembo.pdf
1677,smtpvrw479
1678,smtprwy9xH
1679,smtp9eqgAA
1680,TGI_Aluno_Heron_Garcia_Ribeiro.pdf
1681,smtpkDuibe
1682,smtp4X6rIY
1683,smtpgSlPza
1684,TGI - jordi (final).pdf
1685,smtpkzAeH7
1686,smtpQOHiTa
1687,smtpaqczKB
1688,TGI_Leonardo Silva.pdf
1689,smtpPH7AUu
1690,smtpDpdFPV
1691,smtp5h2mbK
1692,Metamorfose sobre trilhos _ TGI Lúcio _ oficial.pdf
1693,smtpDwjyNy
1694,smtpjn4ytQ
1695,smtpVau1Uy
1696,tgi_valmerson.pdf
1697,smtpz226uW
1698,smtp7mx1Dt
1699,smtpNCoI8m
1700,tgi_valmerson.pdf
1701,smtpgE6bib
1702,smtpykLvJ8
1703,smtpwQaJ1o
1704,TGI FINAL REVISADOMarcos_Villela.pdf
1705,smtpbr9Mbp
1706,smtphGzfcL
1707,smtpbGR3Fy
1708,TGI Bruno Sampaio Biblioteca.pdf
1709,smtpCSEPds
1710,smtpqtdAcc
1711,smtp0ftBXq
1712,tgi.pdf
1713,smtptwXSvY
1714,smtpNg8PP1
1715,smtplijHrq
1716,TGI - Geovana Aparecida Moretto.pdf
1717,smtplRac1G
1718,smtpV0tXsa
1719,smtpv6pFQZ
1720,TGI_Henrique_Brito.pdf
1721,smtpb58YRO
1722,smtpzTB1Zw
1723,smtpNBNMZy
1724,BressaneFernandaAudi_TGI.pdf
1725,smtpr2WZDX
1726,smtpNWtcvj
1727,smtpV3m4QY
1728,TGI_LeticiaZani_Final.pdf
1729,smtpDj4qK2
1730,smtpb5jOqi
1731,smtpHEqPJR
1732,TGI_Jorge_Iembo.pdf
1733,smtpAWDvj8
1734,smtpQLvwNp
1736,TGI_Diego_Latorre.pdf
1737,smtp1MtbQg
1738,smtpDxaPq2
1739,smtphMe7Na
1741,TGI FINAL.pdf
1742,smtpJmI0wm
1743,smtp3OeRkZ
1744,smtpv1YIIX
1746,JulianaLeal_7700320_Caracteristicas_climaticas_gerais_do_distrito_estadual_fernandodenoronha.pdf
1747,smtpF7NbCt
1748,smtpXqqloR
1749,smtpFZSIaB
1750,2020_JaquelineRochadosAnjos.pdf.pdf
1751,smtp69gIbg
1752,smtpQg0gY5
1753,smtpg2MSMf
1754,TGI_Maíra_R_Matias. Analise_Espacial_Deslocamento_Mulheres_Ate_DDMs_2011_2017.pdf
1755,smtpoZZwEF
1756,smtp669zXP
1757,smtpe5RdYl
1758,TGI_Giovanna_FINAL.pdf
1759,smtpgejx1E
1760,smtpEdtgXM
1761,TGI 2 Bruno Ribeiro de Oliveira.pdf
1762,smtpzTktfq
1763,smtpxOsfSW
1764,smtppOTRwM
1765,TGI - Hellen.pdf
1766,smtpbky1WN
1767,smtpV42YaZ
1768,smtp7oeHkx
1769,TGI_Lilian Anjos.pdf
1770,smtpl0UVsa
1771,smtpf4fskI
1772,smtpDHJNIC
1773,TGI_Juliana Camacho.pdf
1774,smtptAXi27
1775,smtpz95gYm
1776,smtpxj7hwV
1777,Impactos socias e ambientais da criação da Reserva Extrativista do Mandira.pdf
1778,smtpUboBxq
1779,smtpumNmlV
1780,smtpsNyASK
1781,leonardo.landini.lutaif.dolci_.TGI_.USP_.FIM_.pdf
1782,smtpdTs7Ps
1783,smtpNG5C49
1784,smtphl15la
1785,TGI_JoaoPauloBenvenuti_PDF_Final_Fev2020.pdf
1786,smtpbCgmVD
1787,smtpHrnTxy
1788,smtpnM6GIP
1789,2019_ElizangelaAparecidaLopes.pdf
1790,smtpEkECXK
1791,smtpa0KPQR
1792,smtp2mQDuj
1793,TGI Rafael Reis Final (1).pdf
1794,smtpZzSeF1
1795,smtpFrEtgf
1796,smtpPaYtfN
1797,TGI_II_Caroline_Padilha_VFinal.pdf
1798,smtpz3iKz2
1799,smtpnPhkUH
1800,smtpl6V2EI
1801,TGI.pdf
1802,smtpbI1odW
1803,smtpr2lmMp
1804,2020_CaioCesarTangerinoOlivares.pdf
1805,smtpfeMzw4
1806,smtpvRhMvo
1807,smtppzB6tb
1808,TGI definitivo do Wemerson Pereira.pdf
1809,smtpDASgJA
1810,smtpZU3lm7
1811,smtppX3HdY
1812,TGI-BARBARA-2020.pdf
1813,smtplVj2zd
1814,smtpBhVCFX
1815,smtpnCsR62
1819,TGI - Ramon Oliveira de Almeida 2020.pdf
1820,smtpPhId2h
1821,smtpj1T02L
1822,smtpJ7MThD
1823,TGI_Gabriela_Gumiero_vfinal.pdf
1824,smtpQh9Upr
1825,smtpUKBsUH
1826,smtpeTlJDm
1830,TGI_Murillo_Barbosa_2020.pdf
1831,smtpDFWBU3
1832,smtpLNF3OH
1833,smtphCMPgK
1835,TGI_TransformacoesDaZonaCerealista_ClareanaSoto.pdf
1836,smtphEMThk
1837,smtplsVoow
1838,smtpP1jLt6
1840,TGI Matheus Yuji 2020 Final.pdf
1841,smtpngnY2N
1842,smtpRWo9RT
1843,smtpzgjKGi
1844,TCC FINALIZADO.pdf
1845,smtpL81Kd6
1846,smtprMqaUB
1847,smtp9k54lv
1848,WELBER DANILO_TGI2020.pdf
1849,smtphMirP4
1850,smtpBghdIz
1851,smtpZ9jLwo
1854,Joao Vitor Sanches Bettoni_TGI_FINAL_ATUALIZADO_cd.pdf
1855,smtpEaHrLC
1856,smtp6VsPQa
1857,smtpwytKh4
1859,TGI_Nathália Ribeiro de Oliveira.pdf
1860,smtpC6p14K
1861,smtpqd9Gyo
1862,smtpe3kzOu
1863,Arquivo para impressão 0903.pdf
1864,smtpX4ctqZ
1865,smtpFdgUGC
1866,smtpxIbqRD
1869,2020_ JeffersonRodrigoCorrea.pdf
1870,smtpTrqTgI
1871,smtp5ImzJ1
1872,smtpdn2kbF
1876,PAC 2 e Acumulação CD final.pdf
1877,smtpQpcrMq
1878,smtpWTHphi
1879,smtpESXRQz
1880,TGI2020_SimonyOK.pdf
1881,smtpo7pYdc
1882,smtpUPb19v
1883,smtpALy4hb
1884,2020_ JeffersonRodrigoCorrea.pdf
1885,smtprCbMk6
1886,smtpr4Cs2C
1887,smtpLZJfnw
1888,TGI_II_TiagoRegoGomes.pdf
1889,smtpemsGEJ
1890,smtp2kzR3w
1891,smtpahLHQE
1892,TGI_Thaís Montagna Tavares.pdf
1893,smtpdXjdkw
1894,smtp3x1T4l
1895,smtpfrOw8z
1896,smtp9g8pEv
1897,smtphUHx66
1898,TGI_WAGNER_FINAL (1).pdf
1899,smtpLvoXWF
1900,smtpNCfEAL
1901,smtpX1bnZf
1903,Caminhos da Imigração Venezuelana no Brasil - Contradições socioespaciais na lógica urbana.pdf
1904,smtpzW0jFy
1905,smtpxpxurm
1906,smtp1i84iv
1907,tgi_lucasdasilva(2020).pdf
1908,smtpznaYSK
1909,smtpLJN5rk
1910,smtpHL1sUe
1911,TGI_CORRIGIDO_CAETANO_VEIGA_DA_SILVA_JUNIOR.pdf
1912,smtpGR6Q5M
1913,smtpQHYLe2
1914,smtp6gH1QD
1915,TGI-GABRIEL-FERRARI-O-CIRCUITO-INFERIOR-NA-METROPOLE-CORPORATIVA.-O-CASO-DA-FEIRA-DA-MADRUGADA-NOS-DISTRITOS-BRAS-E-PARI.pdf
1916,smtp6FrGmX
1917,smtpUFNuwi
1918,smtpuAhyK1
1919,TGI-GABRIEL-FERRARI-O-CIRCUITO-INFERIOR-NA-METROPOLE-CORPORATIVA.-O-CASO-DA-FEIRA-DA-MADRUGADA-NOS-DISTRITOS-BRAS-E-PARI.pdf
1920,smtpgYorNw
1921,smtpAzNlvv
1922,smtpmxBiGO
1923,Vulnerabilidade energética residencial na cidade de São Paulo.pdf
1924,smtpq0xDyt
1925,smtpSXjMUN
1926,smtpOdLBas
1927,TGI - Fronteira Brasil Bolivia _ versão entrega CD para publicação_ Silmara Cosme Cravo 2019.pdf
1928,smtp5NqJmt
1929,smtpVlMcWM
1930,smtpxLL5Ep
1932,Reflexões sobre a minha visão sobre a cartografia - Desigualdades Espaciais_VERSAO_FINALIZADA.pdf
1933,smtpRKdo8f
1934,smtpFMbmt0
1935,smtpFvhj57
1936,TGI II_JORDAN (VERSÃO FINAL).pdf
1937,smtph3mUuX
1938,smtppvcBuv
1939,smtp16Mlqr
1940,TGI_Rebeca_Borges_Porto_Corr.pdf
1941,smtpY9sHu2
1942,smtpsHpXXb
1943,smtpG94kmE
1944,TGI - Jaqueline - CORRIGIDO.pdf
1945,smtpvT9IkG
1946,smtp3YKYrQ
1947,smtp7a2bko
1948,TGI II_versao revisada.pdf
1949,smtpyG5C3o
1950,smtpmr2C3a
1951,smtpAfO8Hl
1952,TGI_II_FINAL_rev_OK.pdf
1953,smtpprTEVI
1954,smtpxzWeSM
